dimension,birth,death
1,35.04157327851729,88.19006765529653
1,34.40510299518306,86.27932957577264
1,28.77727842148541,76.80564296010598
1,37.169596693452604,80.4845556331688
1,31.94695316934604,70.3693322108675
1,30.058267731073038,66.85459779128226
1,26.739052091022515,63.04439931403722
1,29.367539548662457,59.75080694519019
1,40.11383907762981,70.39709191883557
1,31.535726356936927,60.930890252028135
1,32.961870788839605,62.14984658352899
1,45.03552481187506,73.81446879670584
1,26.990833640241288,55.71319759671752
1,29.74325623660159,58.27229838244211
1,27.89422056436092,55.98646626229763
1,28.69846407799533,55.97645022367549
1,23.495665753534624,49.78879559526431
1,22.84218760814903,49.04770150452116
1,27.27013248288147,53.19854497574532
1,28.948382207583663,54.808702680350095
1,25.87083148731707,51.65136685011611
1,23.555258605428662,48.85000944533485
1,30.93908275584353,55.32693192071627
1,24.206390025072476,48.345464641433196
1,25.122702456089353,49.22346967545678
1,28.969096765820538,52.97936826581465
1,38.84131295583547,62.75076859690485
1,24.311711135468137,48.118876842528586
1,30.450433752540793,54.127558065717785
1,30.980967374316172,54.29945077917933
1,32.72496678471751,55.99841323893181
1,33.12619900099889,56.33624817186799
1,24.977630339367273,47.784290055278184
1,24.85506499239236,47.57114653684041
1,32.064426304204396,54.03216812886159
1,22.401656325490134,44.175748193666344
1,34.50120717690564,56.109405385079036
1,29.998367971603088,51.481048965676095
1,28.092266426012817,49.49294977557317
1,31.941125656964036,53.26609935700525
1,30.359801876049147,51.525209327045616
1,23.59310666720747,44.7347608601505
1,42.89556492685388,63.72694705125037
1,29.797884297286057,50.58835823220361
1,30.926149826847407,51.49394690896979
1,22.95624142604367,43.151781171164544
1,24.8672863967133,44.73326874835129
1,25.353004260667475,44.762732328966536
1,32.755676764713876,52.159029630111135
1,33.21282590884216,52.48943899197228
1,24.221885542633203,43.450856815787354
1,25.201582712099025,44.31767605969434
1,36.6096194567565,55.59303333865874
1,24.527091434432386,43.40445664063867
1,51.25497010505244,70.03181448748005
1,23.267792414090806,41.72851309014371
1,23.021219470847754,41.23917354688266
1,24.61109338797352,42.788663998706255
1,29.7239391223754,47.84620953122337
1,25.024437892647523,43.14420338270002
1,21.931026266501767,40.02389784176907
1,26.720439378155774,44.38639573525198
1,31.460989541195378,48.949744675626754
1,38.9996934451035,56.436683966420716
1,30.845393663702563,48.23292194987164
1,25.460195456528012,42.418477693863466
1,24.096099206008443,41.014796127817846
1,23.335332159426752,39.96764727869394
1,33.63737991039713,50.22269609341967
1,26.26515719226496,42.800976163240584
1,31.350171995718576,47.43778455770329
1,27.827149692993146,43.89911215155282
1,31.149186372710012,47.18871961334587
1,25.706398161757757,41.717834319383854
1,24.176179680288723,40.138288478224595
1,26.241479195071097,42.1989694013991
1,30.93224526791469,46.8562792803416
1,31.759236758271992,47.674535105214176
1,26.77215765455155,42.66454303913439
1,26.166631189533877,42.022709540826035
1,23.34684293973227,39.091530585657196
1,23.6446671971738,39.383176224523496
1,29.862591077641255,45.51813565834649
1,26.079103702883636,41.72216672946005
1,28.921839195624408,44.544281751946514
1,23.344914212933816,38.91759251464927
1,40.60407440018777,56.0708848000003
1,22.882178197525523,38.2948820508718
1,27.512081034780334,42.8901269553132
1,34.87777572352394,50.19997668310772
1,33.526647711253055,48.79485984135233
1,24.224555097793296,39.421423639387264
1,32.411579896593395,47.51041202388775
1,31.093753786513684,46.06771682557319
1,26.327712965890548,41.03610978802756
1,33.120140026882886,47.81840697221595
1,29.882575552158546,44.528580582102414
1,29.87748395955942,44.5193236597225
1,23.630007612598398,38.20749503940496
1,30.742119098959503,45.17144888002241
1,27.102778907150558,41.4180934600607
1,24.017365369527614,38.215190912878484
1,29.10432371162891,43.29239223098186
1,42.282732426595594,56.45389878880922
1,23.62812053294845,37.765794096279336
1,34.263419261179514,48.30113989303977
1,23.417578296827724,37.43989323813774
1,36.328413292382024,50.20911307220271
1,22.900386363324422,36.735659281348475
1,32.46136384804804,46.28041678578242
1,27.501913716264642,41.22620596723359
1,33.48685665106542,47.07972946472517
1,24.24995155558821,37.75890050442986
1,25.508460111359298,39.0146710690651
1,35.31936025564237,48.73521345630786
1,23.37911379533665,36.76951014990219
1,28.97109174908007,42.347241317297616
1,35.2943799766983,48.5558158197695
1,40.20271406106525,53.45680440921471
1,27.405245413165485,40.65696658165253
1,25.585151449454973,38.82309004025999
1,26.670914813377223,39.82193345119575
1,21.364817654218324,34.49073756728765
1,24.597243843743016,37.64097687024646
1,23.989084749748727,36.98240794178038
1,28.13883815550183,41.12693129152074
1,23.827676293817774,36.75896390557345
1,24.08747209743482,36.74553440555143
1,28.155766673807275,40.78155142758609
1,32.24682138397516,44.82399080541329
1,24.31505567547755,36.884050409385665
1,24.35512679577799,36.868479195647566
1,27.650374298417795,40.13923131192423
1,47.89846653037356,60.32544336875454
1,36.53347623575502,48.938567998032745
1,32.08320507810234,44.47196541584061
1,33.64505102844421,46.0170413381883
1,37.9862348393411,50.30666551032409
1,25.710084393211407,38.015541729672876
1,31.271941607672865,43.46212228376369
1,32.17030184115024,44.349012487001005
1,25.822025460273565,37.9695582811316
1,28.253020952470017,40.39700929073018
1,29.584931618580978,41.71772597357448
1,30.067281241248274,42.15219904294811
1,37.20990872413466,49.24637130397554
1,25.296030759047596,37.319767930530105
1,23.58287432043257,35.57245576369797
1,25.447206832785238,37.434706880968484
1,23.88713307112112,35.85660254280689
1,27.33085088332864,39.278263237765664
1,27.07736817416316,38.95300120845999
1,34.14403006867244,46.01553036797738
1,31.776941157697316,43.58088066792818
1,25.516525956332554,37.245592859714016
1,26.62783064812213,38.35586694386193
1,31.823721235598413,43.48840931367857
1,32.87885027288973,44.533677048377236
1,27.575696863720495,39.20781910715678
1,24.207748008698616,35.83602462290131
1,26.38395005011571,38.00658577468903
1,32.76630789558147,44.371687208893924
1,24.84806843282662,36.311882203398355
1,25.261756530025355,36.70102545371577
1,29.35987372232732,40.77530255855862
1,29.33360467956267,40.721449288643484
1,23.474496558533005,34.7974463863981
1,30.13415126135081,41.39902992056493
1,41.15910240590874,52.416959947785166
1,46.687938823894235,57.90616672764125
1,38.142561109961356,49.29279062857644
1,27.158185997777906,38.28295341976939
1,20.59885836466878,31.627797305797788
1,25.468012177055282,36.49512777007404
1,24.366860453849927,35.37511645721023
1,26.22919275346669,37.16098572058437
1,34.69994069182031,45.620068736429474
1,31.135666391599518,42.0547905394199
1,35.95496358946855,46.79836774782919
1,36.836513981343046,47.67425427312308
1,33.44650107189505,44.18705999426787
1,24.96790437631719,35.69861573853858
1,27.58274666948826,38.292133325123174
1,20.511273440785242,31.195337357290008
1,24.13798419204048,34.807829888023214
1,25.7060742324401,36.32643934076025
1,25.17644849806957,35.76501540783449
1,28.720575490249217,39.23372437494075
1,25.082730975208793,35.55353368289436
1,37.45035493897446,47.84001808327973
1,22.65490798580654,33.0304047634701
1,20.07445686892514,30.44143644778149
1,26.919055198909046,37.27429647776363
1,29.163930808862638,39.464841705443725
1,34.81148271093008,45.110770695426204
1,19.488597211897908,29.72178436520529
1,35.11529794782127,45.33470426644473
1,23.24204886476332,33.42493434062333
1,25.86804243164365,36.03347488067516
1,68.08698832347892,78.2378045902991
1,29.27345431536189,39.419726345297605
1,28.849399985467993,38.99318450903183
1,28.77739245312254,38.911786042544534
1,26.999756496519314,37.12914092579398
1,30.624866138252372,40.74146633872085
1,30.074595539135217,40.18775635854529
1,25.478301106211728,35.45560299372276
1,26.331174183694014,36.25395876400831
1,36.30801444387176,46.19227647073685
1,23.528013757729514,33.34285091763296
1,26.05098059953652,35.8208320053246
1,23.881060617611396,33.6307706680333
1,28.585450264395455,38.33418792415112
1,25.560164212005088,35.303021995628384
1,28.241067626124526,37.97685313000743
1,22.65719558084346,32.36067971866501
1,28.594357138377834,38.2531366336454
1,23.764113099165286,33.40644586998088
1,32.754087986462665,42.383129093409956
1,24.98072999058849,34.59550657143836
1,21.782121626136057,31.36170477114996
1,26.581500070651035,36.12095178953942
1,31.905088551718716,41.4334648225097
1,31.798346741752574,41.2905636338705
1,25.848448994951447,35.335949786326815
1,23.931922479951037,33.412362091313724
1,30.184613747805283,39.636237584768466
1,36.6599213994227,46.09601379909387
1,23.264284765828773,32.681635784252315
1,25.81832308597455,35.20437815199257
1,29.420553930806076,38.74668775257855
1,26.12435079909969,35.43298501896243
1,29.734875901145312,38.98240899122687
1,24.198443048794758,33.39539537561794
1,23.74789546596765,32.866308272840435
1,28.274680892662268,37.35606823597709
1,21.500049565521582,30.553293447755422
1,37.873902663202074,46.91495386007077
1,28.67241573548792,37.70327519235627
1,56.46814083522205,65.49585243624817
1,23.22784635725864,32.227683240000836
1,31.12989928105787,40.11155336849846
1,28.401376788978986,37.36537848603695
1,30.73452492657031,39.62252733497127
1,28.249696961283995,37.07170739247529
1,33.85535953608631,42.67732034836195
1,22.48014795428161,31.298613999254822
1,26.682556198507744,35.497554921781386
1,23.22778476510096,32.00697046064182
1,22.14429617755058,30.91649572106731
1,27.751177916298552,36.44756443593988
1,37.41103208559874,46.091348206913736
1,27.48291170383475,36.12661237108541
1,23.826570731573582,32.44764573752203
1,23.212463651984198,31.82866605003735
1,28.443729774339058,37.000379496755535
1,28.888348108565207,37.42793000653149
1,24.936474642525834,33.471120505590335
1,25.841183376198455,34.349611749231805
1,23.892866507468803,32.36851466420164
1,23.236338572737335,31.705469177901982
1,41.303028280033224,49.731030749570834
1,21.730689657176065,30.11690295486195
1,25.69428405111478,34.072222812454996
1,31.974730674570644,40.33129470890577
1,36.69426874666125,44.987280882453014
1,23.201832710956683,31.493072739092423
1,25.719622471779335,34.00392768198482
1,29.869781735429232,38.1538912653207
1,21.797643182821542,30.027147744499427
1,48.61718680167888,56.84614564329967
1,22.640714656041613,30.82906728141029
1,25.2267656383313,33.41153020343436
1,27.35105051098429,35.5349095833864
1,41.36688585536235,49.5294208374712
1,25.256644464012396,33.363892721013926
1,30.21201803565726,38.31762901983207
1,25.871293946530002,33.9739991109592
1,30.370777344890502,38.470711353724425
1,22.57914612062181,30.667800593388804
1,20.66564077504641,28.72449068843345
1,38.89996234895013,46.949353343809804
1,26.954714605350482,34.978505656073494
1,31.606925084150095,39.616997775515664
1,37.38469353572008,45.36091706400199
1,32.19743520938228,40.11935323909304
1,28.18099441973548,36.09979041992942
1,47.36560630645548,55.253819005097235
1,27.791252071615602,35.66674856784514
1,23.697695249168287,31.550785550317162
1,27.06514333726622,34.89504908336901
1,28.17643836570403,35.8936248257022
1,32.91183071898287,40.62570927548545
1,26.864848305297546,34.57331551804155
1,33.14455630356592,40.83157127353479
1,19.944707952293268,27.566679822495267
1,26.813900007900557,34.411970462531514
1,21.536437468060146,29.113007461851677
1,27.895977730995003,35.46900500391123
1,22.92360215126111,30.456814808135395
1,32.627373638722716,40.154606258332
1,31.618481115426267,39.12812894979921
1,31.094578607986904,38.59816989774213
1,34.13324634298016,41.63443187530734
1,32.82213241237351,40.31181092008039
1,27.9955978703298,35.4685478269184
1,29.9824887612884,37.444863093979585
1,39.60885882453035,47.06050200527967
1,25.64483929140547,33.09430866150679
1,29.075420765182034,36.506318716470055
1,38.54727435132897,45.954031743064924
1,23.062980266539643,30.466326622630827
1,28.029789094588654,35.427017423335215
1,20.443935844236965,27.794868877910744
1,28.794237421046166,36.13452691942775
1,28.490214205191563,35.79131417111988
1,28.54387137590852,35.81870108480945
1,22.543522758786825,29.81798307340466
1,28.461196117109154,35.72648622477956
1,28.719720256090902,35.864944443923406
1,25.37142742593912,32.484830940839764
1,30.9456949081216,38.0507294527524
1,28.496963538128725,35.60148187656925
1,27.775555867411974,34.82571005862904
1,20.791604797267553,27.818900659399993
1,31.625046046021918,38.64426703309861
1,25.551892806824696,32.40798120091219
1,24.417409087575898,31.247313062144507
1,22.492673003756416,29.30960923078144
1,23.996265732321838,30.758029015167995
1,21.235850993953793,27.971462232361677
1,40.60494078870167,47.32263865553446
1,48.43628506235293,55.1340681818748
1,32.81238250240622,39.50758763200918
1,57.42047772797001,64.10024304572917
1,32.033567967126196,38.62346610001067
1,25.159773179111543,31.747057265650767
1,34.01969596083429,40.60394350202416
1,28.783202266801496,35.350946865022905
1,29.64906283128675,36.16629738261105
1,35.705958100362274,42.207971726910245
1,23.397718917162205,29.886485070801378
1,24.388122719958577,30.828692147891136
1,26.90797660916555,33.30925785470449
1,28.54155890672757,34.92507020195273
1,29.004051988871797,35.37867463892031
1,30.909732837195897,37.261728096252156
1,32.90759728306314,39.22149922757048
1,37.46912320901446,43.77667062565497
1,23.13508984665449,29.409937888587773
1,29.3417871543526,35.603961932747026
1,21.694596894411504,27.95376155430111
1,23.76002503705101,29.998706034607956
1,30.50446828443533,36.72133238841895
1,29.752486346196253,35.962188712949946
1,32.649999923761236,38.84380015635005
1,27.321304748787153,33.50663796767328
1,24.28450450884469,30.4627050624274
1,31.70646816939804,37.86570784569154
1,27.235858764076117,33.37563384669203
1,27.200261245685112,33.324010552076956
1,33.58902493639971,39.69784041767153
1,58.40784601176018,64.50135055511811
1,32.286570462545654,38.357505304003666
1,24.405842463854874,30.451366140399887
1,24.607471887863376,30.576352554657277
1,29.506252216667754,35.47093218582677
1,46.506530970746326,52.32533452061594
1,28.255714113162608,34.04444436008972
1,21.65035914520459,27.419557506946575
1,34.06550162253186,39.810173958531514
1,29.208058425133075,34.94429331850672
1,20.987902375171647,26.67184242476607
1,29.325202873415336,34.990606499561785
1,19.433531422328787,25.05513408397397
1,26.174974741787242,31.764638291886474
1,31.98788521683388,37.54963133321723
1,33.90638418013374,39.45421619642657
1,42.356776140829574,47.900606140016606
1,30.23479277440285,35.76539247713675
1,23.542467952919274,29.06956829160064
1,19.752512665864927,25.254988642953528
1,30.13241317320042,35.62660367092249
1,26.324213536338814,31.81484509441025
1,27.596684736575508,33.06338510271224
1,26.52429799961677,31.98808484953904
1,21.596656190829155,27.05804776819423
1,20.46853147052418,25.900978296805956
1,38.57141809851887,44.00097795860838
1,29.46636938197907,34.88047024246045
1,32.30389472208447,37.70100843705634
1,23.466166086355983,28.859514440498486
1,21.22755617353103,26.613554644916903
1,25.472322338466775,30.855343765312476
1,20.540727100566258,25.84968186316334
1,36.81294006500368,42.11783690079182
1,24.54484062118228,29.84632732282217
1,52.805916149238584,58.08866286189077
1,18.76048897379648,23.99114800481759
1,25.68724494215954,30.911294029331735
1,33.72604770825145,38.94838280155616
1,19.38688127494944,24.597227467792735
1,37.34592238783392,42.54137338143071
1,28.25245609544268,33.42144116934726
1,30.505882978069927,35.66950647331377
1,25.745348091967408,30.903817877079124
1,34.730612401071376,39.880075948236005
1,22.84217858091095,27.97647175524862
1,22.906277705320367,28.036672683381298
1,24.56625224961492,29.680959056227742
1,23.313347923844272,28.405502063796913
1,35.82171754725836,40.906455464177554
1,29.458617794646624,34.53527226703816
1,21.143310272618944,26.21807295610056
1,37.537839815409704,42.57398063246106
1,22.83839730565417,27.861794399732393
1,32.26034994184464,37.27580292898022
1,37.405780289119654,42.38290382742612
1,38.661087656609475,43.623732805198074
1,31.994726965577808,36.937593207980186
1,27.509258237114253,32.450036224205725
1,24.614527728384065,29.554545902919656
1,24.895887474784068,29.77460616745392
1,34.807945089831534,39.66080131014877
1,22.962048645083684,27.797083617211374
1,30.066148175381677,34.898012656330344
1,32.11006874312644,36.91658285756006
1,28.213266988143648,32.983597477941615
1,28.91212134618599,33.671789444831624
1,27.959464044435652,32.71496289939986
1,24.997049332025146,29.751879144295927
1,30.56925336434679,35.31926454589134
1,34.816945772678054,39.55071332410896
1,27.590883117680256,32.31776690559516
1,24.263669333210427,28.95004822184974
1,40.62746313783233,45.30694162353427
1,24.706688998086406,29.344620746755353
1,31.641418087482094,36.271832865159574
1,20.497200421611588,25.118707889956422
1,36.08602515499401,40.688286365214765
1,28.497430154890818,33.088653563911166
1,25.629781260674374,30.213044407101894
1,26.609816711504077,31.172653357986665
1,26.49957832743443,31.054280377254486
1,37.04095213081127,41.59528384956347
1,23.565704302351932,28.106195447551226
1,38.466722893199986,42.98916117363968
1,35.071219177126515,39.5934042574375
1,27.94999880987029,32.46022503143008
1,28.862341315839245,33.37179330010734
1,27.29128378765211,31.795957957132288
1,32.265616616487456,36.76338464956559
1,29.95799161018943,34.446767235776754
1,57.34983418865126,61.83491116774261
1,20.502693145747916,24.987718247010367
1,27.219294212360616,31.702056887616965
1,35.90774545103019,40.372407882822934
1,34.45110111707698,38.911430050850946
1,25.769946496786975,30.220574274916004
1,32.06843822629869,36.5092576526562
1,39.82066228210653,44.260472589294956
1,24.424718616039954,28.85699475507584
1,20.377586227922123,24.807363750422745
1,18.525777178167896,22.925305039853487
1,28.185091037954273,32.56889544524661
1,32.145637592159446,36.50057417238475
1,28.277862632209892,32.61896421826732
1,38.11966338942774,42.450664906542094
1,31.435182331979238,35.74493525957608
1,21.64838487739385,25.931674127131608
1,17.525495862886576,21.80574137252209
1,35.916391724335085,40.19213235023238
1,44.794969767746025,49.06885902238735
1,32.59668311172517,36.84165865873277
1,24.41288593457606,28.655075185052365
1,21.074010823281785,25.30847234277096
1,20.706394368593916,24.934951257718897
1,44.02104547641752,48.2427462164856
1,28.461191360027993,32.670709015147054
1,20.63130368185474,24.8295916596847
1,25.950278952539417,30.13255312230359
1,27.949433247724677,32.10664835858333
1,30.887973827255745,35.01763715956077
1,33.04532181954615,37.13407629518044
1,18.503415166047866,22.570092094403208
1,19.577170278685276,23.59189612982135
1,29.344233878516086,33.34353131438719
1,30.631862790885204,34.621389729058514
1,23.900846944453768,27.885263711057338
1,24.838418300522395,28.822630735212382
1,27.02143507411492,30.977568265800898
1,53.019320007741086,56.97435140281149
1,17.702145204563998,21.6443531149755
1,29.39128727060824,33.32024188441544
1,23.925484890710106,27.84956874592485
1,24.54853689281659,28.44425399660129
1,27.69127278604907,31.586480032432625
1,39.587759277419,43.46939605446286
1,40.8064181937773,44.681562765292206
1,28.924403788085502,32.79058392066634
1,33.886825212852564,37.75056528503773
1,26.544543839574658,30.399184511552768
1,20.692739317675972,24.546997737372276
1,25.769237324060473,29.589933629049977
1,40.346964540628726,44.13834651682934
1,29.791579015667143,33.581652706520444
1,25.05992223593788,28.846725080781017
1,21.661395328461275,25.43143445265876
1,22.1913603667707,25.939129187331645
1,40.93842614550196,44.673982806471095
1,49.25694749463598,52.96975803112219
1,34.51904701234654,38.20570545823193
1,31.712692499571098,35.39532850053784
1,34.15357527447777,37.82239503045349
1,24.79697922881305,28.449911500046067
1,23.85609843856389,27.508166160710207
1,29.748383261749346,33.36953100100114
1,25.497176436276874,29.085002148635983
1,23.785104015517724,27.35166502268316
1,20.802440990398768,24.30461058070791
1,22.814212883284,26.301940483246646
1,31.58260809050659,35.066000086593974
1,30.134762384877202,33.588866910590596
1,27.775390372258595,31.202844936262057
1,25.175287534893563,28.587949780371233
1,34.15000151751582,37.53085649959369
1,29.196967196633437,32.55180593586968
1,19.81180705060389,23.166120660962434
1,23.431160700159445,26.728009041501437
1,16.126724590833415,19.40002764241944
1,49.25052295349428,52.51985967313616
1,27.357821301153272,30.622222269487445
1,32.81003668373994,36.068659555476074
1,25.689548519444706,28.93910472264072
1,37.327430679318425,40.56486162020343
1,26.404719068262235,29.62483688224477
1,28.946338912984835,32.13653107291702
1,27.21633865080176,30.390754867250664
1,30.42557562820091,33.57174780275428
1,32.571876672847694,35.644994349032864
1,26.077019828743207,29.144075752973617
1,27.073211907004712,30.128224254392688
1,26.214613632968128,29.268628742273012
1,62.214503184704995,65.23639881505854
1,27.60418338023857,30.615601952051232
1,31.091590594469633,34.08925847756274
1,35.03302613574176,38.02407751067917
1,26.40749773300085,29.39622869605537
1,50.45939895330549,53.44322394035828
1,35.24433112287943,38.21327940250448
1,26.145116724434462,29.105448130497784
1,26.125551573527005,29.064697010657895
1,39.607783944914196,42.54235650447846
1,26.49429078487109,29.4274970574022
1,44.459674271416084,47.38533236139871
1,30.309265187594402,33.228837653868226
1,26.593833208721133,29.506638990996077
1,28.875705876481298,31.78232501518045
1,25.470358357608458,28.37087091369964
1,22.96727275034172,25.861543393307436
1,38.196766925411005,41.08728050412304
1,32.21680862715523,35.09837548634517
1,28.41392039907243,31.27944425361806
1,19.08056284968708,21.935229370654245
1,26.89291287579429,29.737344790813687
1,23.821935558475033,26.659148192999304
1,28.96854750116127,31.804738856901892
1,19.00028778414853,21.825866459297764
1,22.316299333063988,25.13348312957667
1,33.954319859060014,36.76560051402374
1,25.003576062695142,27.809147461797842
1,32.031677629482715,34.80000271477058
1,21.466909001323547,24.224897974293054
1,36.00060098591822,38.729230587769216
1,27.75661121836136,30.48075795044533
1,34.52833171725833,37.23946623406977
1,24.303992603332443,27.007856539019368
1,27.447350159408824,30.13891073338036
1,22.683925544634857,25.350559891233516
1,30.863413403628847,33.519981978875904
1,35.98628362187177,38.63859772549
1,30.65834735395775,33.31055305284887
1,36.282680025773786,38.932086052751046
1,41.25046685098958,43.887565586238594
1,22.981547541777182,25.604099036762353
1,26.804306610522406,29.42052620857836
1,28.85711008232014,31.472487180272932
1,26.468759998861533,29.066556791023682
1,42.83716329914151,45.428444989548524
1,29.73313975164951,32.28059139529368
1,25.971728550815136,28.51674493859768
1,30.261683356237405,32.80164474303912
1,32.29587652089687,34.82141491303433
1,31.836800543255425,34.34465723248356
1,33.32172635290027,35.7824753264061
1,43.07597050322196,45.53671295894524
1,22.797666767233547,25.257166529503216
1,34.98564128434494,37.44226297030674
1,15.801998170895004,18.222409793631506
1,23.925611954877855,26.30624758673423
1,38.61463727881328,40.987104939554555
1,30.53450604538226,32.90447058394765
1,24.652286650363457,26.97431342567322
1,31.180221052103022,33.48874982146172
1,22.751159085247192,25.043665447513668
1,25.751418893601752,28.027327498645537
1,30.08019276029841,32.340699408236546
1,24.138088943614513,26.391485961678917
1,38.767328831506845,41.00834533673703
1,29.61484923460435,31.855358392563108
1,44.861597636055116,47.09950055525204
1,40.333403245828855,42.56278200585504
1,32.06849355026229,34.28536100955501
1,27.788738914281662,30.004672386268876
1,29.008661939259824,31.217174886123114
1,29.880611942132795,32.08836402121834
1,21.45763704989095,23.661476727019753
1,23.0486605426439,25.24673629864267
1,28.59269386243836,30.75211207829737
1,38.819338759564026,40.97690566110364
1,38.59641973405465,40.753627494483574
1,37.023710184807896,39.1590386865668
1,29.877638647172937,32.00529591715916
1,29.060002827815776,31.18455086023062
1,48.23416064027742,50.35374170532495
1,30.250566323196402,32.357365906620075
1,27.893318590572406,29.98104612424275
1,31.937289190630267,34.01146410130293
1,25.26562125870585,27.32964500293375
1,28.208878059938954,30.26390205963136
1,22.248846502585224,24.29721106423362
1,42.57323129403961,44.590398476054496
1,27.745564246152533,29.758880495004526
1,28.170920114818777,30.16242471152912
1,29.62728752144888,31.613546577670235
1,29.681526729317337,31.660083030112464
1,32.69685093081785,34.63111635467481
1,30.01078412639241,31.943124292182578
1,20.54633357643208,22.469422036622408
1,42.09981350450743,43.999818363293905
1,26.307053217333014,28.19302713944191
1,40.35278314254228,42.23336605705906
1,25.21166344658286,27.089110874829903
1,29.70664700351419,31.57257793609876
1,26.263219082833704,28.122563292786747
1,47.05198770852926,48.87052562125611
1,32.11952399692096,33.93461823245293
1,25.080736871430148,26.875076409852962
1,36.22742635346475,37.99944505838224
1,27.267302986757926,29.031867603472445
1,29.964350880427034,31.727998000712052
1,29.255332742936538,30.995754243677418
1,33.10923582785899,34.82601149689795
1,24.81856136954024,26.529503031149527
1,35.3807117948523,37.074496316447686
1,37.917328527604795,39.6070919345554
1,23.089673123938574,24.76816163358249
1,32.347389704868,34.00899744196789
1,34.11903599368399,35.760343670582664
1,41.64123675013347,43.27545253072632
1,32.04486019500636,33.672522671122515
1,37.68201557978897,39.30070777865328
1,43.43088989567686,45.0432975136873
1,25.096836308167862,26.68605196485691
1,39.758181518374734,41.313914735441806
1,54.24580714874766,55.7896725842294
1,19.229507233668123,20.758419146024984
1,21.708066479114834,23.225168905426337
1,26.68645992406358,28.19715174521551
1,26.65411851829836,28.159658156331375
1,29.663319200314273,31.166553418758745
1,28.311454484349504,29.81015008047469
1,30.33969982101484,31.80715002063499
1,35.03897577632687,36.50267534209378
1,35.48880130979113,36.95052975429565
1,39.49441481735755,40.94372212262831
1,30.72574069184938,32.17258901836734
1,35.03977448936782,36.45382886144519
1,24.398792016667745,25.79246094865747
1,29.21235269031599,30.584082784796536
1,30.96158014433006,32.306033824516305
1,30.924992117533257,32.265576630345585
1,38.43767111413226,39.76913112346345
1,30.062058856635563,31.372188561600964
1,38.67899988952653,39.982321173216825
1,35.374773930595815,36.67081027116078
1,25.065024715565528,26.359838414665667
1,26.148345197046016,27.423449818644578
1,28.811869345240236,30.06259775057576
1,37.251238753143355,38.49070750225949
1,26.210944559977094,27.44878250290713
1,28.686354847275705,29.904140137115572
1,23.768383677160156,24.965097560567933
1,26.32345415328949,27.51427803203891
1,29.45537357035679,30.644921841754496
1,29.528101640256924,30.717424757676824
1,27.893135524619495,29.07357106546133
1,27.70836628073776,28.879312415435102
1,35.05932589693747,36.22052268149213
1,20.377596590123265,21.528658602481034
1,31.509286586971587,32.657449381397264
1,38.07015570629531,39.212787207252866
1,25.86560317215959,27.00279882684509
1,22.23140797486244,23.355760763246426
1,23.857962764849034,24.97561708437194
1,29.683991362349744,30.795429605706573
1,30.127016962423923,31.230623493446974
1,24.849088277190344,25.937378665714043
1,62.27802595534302,63.3657438008827
1,32.579188477053385,33.66413905006612
1,29.092852655570187,30.154694008035477
1,22.109008042619102,23.170241025575123
1,35.82253952985295,36.85048791773459
1,33.782597689404675,34.7859288379287
1,35.39723435609809,36.38327057539872
1,33.16893738566485,34.15349157677811
1,32.88050843080565,33.84082684522005
1,20.694768797398478,21.65010107736122
1,24.47776286724484,25.427889453219116
1,29.90710882099406,30.849767371572185
1,35.79255914971792,36.72917334111456
1,30.565196888294103,31.496453740601762
1,37.563762943546216,38.476283530257746
1,25.426664912480376,26.328043958654344
1,30.940854477762468,31.84111403602406
1,21.849253038997134,22.739937633926612
1,28.257598737804283,29.13713660587908
1,27.640202283628224,28.51169892059799
1,27.183514603354713,28.028556115388113
1,23.709148602837008,24.54614222741689
1,44.708615040901975,45.524015505033695
1,21.12340676702198,21.908916756117065
1,35.28153677639954,36.040891906265315
1,31.61279416693273,32.35327088873662
1,20.178434009630955,20.912933895884613
1,21.934006315319586,22.66098726051751
1,26.90088435828307,27.62256086953885
1,24.17742808990574,24.87778234362712
1,28.462413890294822,29.160433752847275
1,22.547597547525307,23.225604844485847
1,21.860781114814294,22.52361790708609
1,21.975962033558382,22.624695878936684
1,29.04978602121469,29.617642742561667
1,24.711829635334084,25.275655625948126
1,23.506194681610342,24.05079105867717
1,25.186473357643067,25.721109675405835
1,33.18767889323377,33.70563552854822
1,28.23655323823489,28.744748361421067
1,25.907618616628223,26.411377270285712
1,30.409086917433196,30.91022184120938
1,31.36468396552112,31.856728783251008
1,25.947043889467828,26.431501949559856
1,30.774722201349157,31.245247739143593
1,37.39790739051041,37.854010719348544
1,26.233586463963622,26.67160773144339
1,29.38861566460006,29.811524555498767
1,31.511138935072594,31.927701789693653
1,32.43205983751595,32.84837360020269
1,35.369820234282265,35.75525862014377
1,30.38870638073481,30.762560436993432
1,33.636136228530155,33.995124195151966
1,28.095884365688363,28.4507251549649
1,36.689418613734226,36.96693208167361
1,30.770381902860198,31.03440805370414
1,55.00700177193194,55.25365999874785
1,23.528020138809335,23.77283874442015
1,18.44049570835198,18.67552529082618
1,33.00638183572059,33.23599415282951
1,32.04121665737747,32.24774376562834
1,43.607613735952306,43.80338855382473
1,21.421606400031614,21.6036329705747
1,28.01008596288827,28.19172171742483
1,36.74204327388055,36.90965755199592
1,42.367463521223605,42.51147967054186
1,30.35933443697219,30.484036437556266
1,34.819002282723766,34.92431182741697
1,38.54209792618159,38.62703228765204
1,29.39222171040667,29.475846433454308
1,40.85097399282085,40.926967952699336
1,22.158638424930153,22.230440054122983
1,24.784566129973914,24.85225825868382
1,42.45832000270884,42.52107029306237
1,37.0108339116437,37.06480292825681
1,30.0539719264455,30.107323546913783
1,27.05431623341291,27.09784661597972
1,29.077946468579157,29.11028240042103
1,27.276845220544484,27.29303158338339
1,26.769153157229223,26.783781734471425
1,27.536140431665434,27.54453009927671
1,40.75486444338441,40.75551604596585
0,0.0,inf
0,0.0,42.03483859195595
0,0.0,40.78595069634024
0,0.0,38.938715595809974
0,0.0,38.55120051031446
0,0.0,38.26416334329754
0,0.0,37.108731668760434
0,0.0,36.20077760929158
0,0.0,35.689911265169115
0,0.0,35.63016487296113
0,0.0,35.59900653254317
0,0.0,35.42567431374413
0,0.0,34.86833007606101
0,0.0,34.81528293081093
0,0.0,33.73885548010203
0,0.0,33.668726377449104
0,0.0,33.50692752356501
0,0.0,33.37252205378739
0,0.0,33.251882080021325
0,0.0,32.88639079131171
0,0.0,32.71247014333508
0,0.0,32.67131211576345
0,0.0,32.1874650557457
0,0.0,32.16455468557102
0,0.0,32.14704432025002
0,0.0,31.990052029096294
0,0.0,31.87076098641701
0,0.0,31.694564425347323
0,0.0,31.046854492004396
0,0.0,31.042840243742937
0,0.0,30.69726860843646
0,0.0,30.6570783443279
0,0.0,30.61367281911046
0,0.0,30.540183509878432
0,0.0,30.317980205526204
0,0.0,30.30742232208761
0,0.0,30.29423041769399
0,0.0,30.01089611140596
0,0.0,29.967924467078245
0,0.0,29.964878918786372
0,0.0,29.909671832864024
0,0.0,29.845238136353117
0,0.0,29.660729104987237
0,0.0,29.654189302663596
0,0.0,29.652597775045756
0,0.0,29.64473744155886
0,0.0,29.605461991800627
0,0.0,29.47592010619169
0,0.0,29.452924384415446
0,0.0,29.435229500912385
0,0.0,29.367787355710202
0,0.0,29.325883336575252
0,0.0,29.31577575215695
0,0.0,29.147034174598062
0,0.0,29.09291782236601
0,0.0,29.061246530247182
0,0.0,29.058528949967553
0,0.0,29.019344996574873
0,0.0,28.856045266758407
0,0.0,28.795708875847094
0,0.0,28.72708212714055
0,0.0,28.660472639236602
0,0.0,28.603588083292664
0,0.0,28.578218960275937
0,0.0,28.486376447776646
0,0.0,28.459828590251664
0,0.0,28.43054005523763
0,0.0,28.42555020721092
0,0.0,28.415792235499914
0,0.0,28.357892976837434
0,0.0,28.32121534368135
0,0.0,28.314349728439613
0,0.0,28.306174693199416
0,0.0,28.302457355100564
0,0.0,28.23384640271547
0,0.0,28.174992360038708
0,0.0,28.1499676297011
0,0.0,28.117761737704
0,0.0,28.096560758279857
0,0.0,28.089775420256963
0,0.0,28.06473278664104
0,0.0,28.057826020701615
0,0.0,28.052263132966075
0,0.0,28.040381976431327
0,0.0,28.03900598848807
0,0.0,28.011541663622324
0,0.0,28.009554660048657
0,0.0,27.871915409221426
0,0.0,27.8591155771128
0,0.0,27.764543815668226
0,0.0,27.719358071263283
0,0.0,27.70219303707284
0,0.0,27.701616441915842
0,0.0,27.673443413355614
0,0.0,27.673305576150256
0,0.0,27.646338189128674
0,0.0,27.612145508871016
0,0.0,27.583144162079336
0,0.0,27.518989036357564
0,0.0,27.51136924069234
0,0.0,27.510646989619318
0,0.0,27.49204612692226
0,0.0,27.48577379603982
0,0.0,27.45148891508426
0,0.0,27.446887124481123
0,0.0,27.440677518329217
0,0.0,27.439805327458362
0,0.0,27.42180872743646
0,0.0,27.3745281952432
0,0.0,27.358469672694085
0,0.0,27.343976134683643
0,0.0,27.28821835792118
0,0.0,27.272987258663772
0,0.0,27.21197149674772
0,0.0,27.169243322439492
0,0.0,27.16845610592584
0,0.0,27.16779502110197
0,0.0,27.150200785634105
0,0.0,27.039261768135702
0,0.0,26.97024259935667
0,0.0,26.941140697956325
0,0.0,26.94042162650037
0,0.0,26.923842118401033
0,0.0,26.861790575008623
0,0.0,26.84773406709877
0,0.0,26.79763316202888
0,0.0,26.712911973681642
0,0.0,26.625095338579392
0,0.0,26.60576545725743
0,0.0,26.572806933213627
0,0.0,26.51640060786671
0,0.0,26.476757459427013
0,0.0,26.464633568675243
0,0.0,26.449609661151868
0,0.0,26.402950054275834
0,0.0,26.376337686393683
0,0.0,26.35287518047077
0,0.0,26.333320342790927
0,0.0,26.274070355018228
0,0.0,26.240230495926024
0,0.0,26.177672977754405
0,0.0,26.168083180756092
0,0.0,26.16442925370703
0,0.0,26.116351182680056
0,0.0,26.09744851400971
0,0.0,26.09280016948621
0,0.0,26.090726838548576
0,0.0,26.053154376215176
0,0.0,26.048876554300133
0,0.0,26.04582153876798
0,0.0,26.044529305186447
0,0.0,26.027503313442796
0,0.0,25.956011920179638
0,0.0,25.92494620829395
0,0.0,25.92486541099927
0,0.0,25.90549007660557
0,0.0,25.88903894415392
0,0.0,25.88004222043557
0,0.0,25.8684006406902
0,0.0,25.8607609709408
0,0.0,25.84871360453331
0,0.0,25.830903781861924
0,0.0,25.822819497581982
0,0.0,25.810394632709787
0,0.0,25.80582850485943
0,0.0,25.803198846535178
0,0.0,25.785699767644623
0,0.0,25.67694622654206
0,0.0,25.664663536440315
0,0.0,25.662921298378023
0,0.0,25.61093095188744
0,0.0,25.596794601796034
0,0.0,25.575692253883783
0,0.0,25.532029943692365
0,0.0,25.476284623741556
0,0.0,25.471269404681514
0,0.0,25.460793899650472
0,0.0,25.38979364410429
0,0.0,25.36102329107817
0,0.0,25.34791050644205
0,0.0,25.334634073233286
0,0.0,25.331541666940666
0,0.0,25.26055136058941
0,0.0,25.24215312654746
0,0.0,25.21535166610126
0,0.0,25.199474493083752
0,0.0,25.159570702379696
0,0.0,25.156745294115716
0,0.0,25.150378639701938
0,0.0,25.124448070875676
0,0.0,25.096100895405755
0,0.0,25.07490004617686
0,0.0,25.023587269392067
0,0.0,24.995293956433592
0,0.0,24.987739348000446
0,0.0,24.97901334337
0,0.0,24.962241139231146
0,0.0,24.95798489114444
0,0.0,24.957868925087208
0,0.0,24.9356668241188
0,0.0,24.926566351814667
0,0.0,24.922339740316005
0,0.0,24.911173786305376
0,0.0,24.901178288283695
0,0.0,24.881347642157014
0,0.0,24.86749209835668
0,0.0,24.86273537891099
0,0.0,24.848882459264747
0,0.0,24.81535579972673
0,0.0,24.786618389588803
0,0.0,24.78429391919522
0,0.0,24.741944190176103
0,0.0,24.7410208947623
0,0.0,24.698156252793737
0,0.0,24.67577667592623
0,0.0,24.675758049545287
0,0.0,24.672605808638654
0,0.0,24.633227696636926
0,0.0,24.618126154428296
0,0.0,24.599959146185192
0,0.0,24.578774622162914
0,0.0,24.550592329096357
0,0.0,24.54448810678411
0,0.0,24.53786761053516
0,0.0,24.53024047371841
0,0.0,24.516321832182083
0,0.0,24.504171785352316
0,0.0,24.503103203108747
0,0.0,24.50185682789555
0,0.0,24.499121816565708
0,0.0,24.48904231447368
0,0.0,24.469848599029984
0,0.0,24.464734253080245
0,0.0,24.452718006362414
0,0.0,24.434331885546452
0,0.0,24.423516005098115
0,0.0,24.417802960590013
0,0.0,24.403727115473636
0,0.0,24.386294423975016
0,0.0,24.38058331350165
0,0.0,24.365515913291453
0,0.0,24.340028487556793
0,0.0,24.312640789091642
0,0.0,24.30592754229271
0,0.0,24.28947544899063
0,0.0,24.279253926321815
0,0.0,24.27534175172792
0,0.0,24.27430761109174
0,0.0,24.26155118553409
0,0.0,24.244178439534476
0,0.0,24.223716935302367
0,0.0,24.222571663858545
0,0.0,24.21345338277808
0,0.0,24.181818071321267
0,0.0,24.150096591253845
0,0.0,24.140961489620615
0,0.0,24.140844024283798
0,0.0,24.140416055344968
0,0.0,24.13052535511642
0,0.0,24.10325639316195
0,0.0,24.09066420818426
0,0.0,24.072768006378027
0,0.0,24.071943792638123
0,0.0,24.06488003386296
0,0.0,24.06148653171426
0,0.0,24.058275562274037
0,0.0,24.056679208536305
0,0.0,24.049001539694913
0,0.0,24.027935022534685
0,0.0,24.014674646403485
0,0.0,24.00205066175562
0,0.0,24.00195559424143
0,0.0,23.998110367361086
0,0.0,23.95104398896436
0,0.0,23.943741449921703
0,0.0,23.941804174968166
0,0.0,23.93641808521068
0,0.0,23.91983596471555
0,0.0,23.90311806853084
0,0.0,23.90215554377135
0,0.0,23.883732727969797
0,0.0,23.853288905972622
0,0.0,23.83519630153513
0,0.0,23.83429362763141
0,0.0,23.833401094474556
0,0.0,23.826046536528636
0,0.0,23.79968085602486
0,0.0,23.799669811315923
0,0.0,23.793142215478266
0,0.0,23.786997055028245
0,0.0,23.772836019992653
0,0.0,23.763733605813666
0,0.0,23.76242462858861
0,0.0,23.762243607910985
0,0.0,23.759441598071813
0,0.0,23.74967780071581
0,0.0,23.742247743841002
0,0.0,23.740391345279047
0,0.0,23.713831505430413
0,0.0,23.691033563037347
0,0.0,23.689123179790226
0,0.0,23.688054434587873
0,0.0,23.67972562039142
0,0.0,23.66898180234697
0,0.0,23.65852216263597
0,0.0,23.655901314403557
0,0.0,23.621308684493645
0,0.0,23.61914740281016
0,0.0,23.57338477903532
0,0.0,23.56449980168236
0,0.0,23.55780435017899
0,0.0,23.52488847397766
0,0.0,23.51653091473564
0,0.0,23.505135729028936
0,0.0,23.46167226736064
0,0.0,23.43615886761783
0,0.0,23.42395930897386
0,0.0,23.42393066244486
0,0.0,23.422263780875724
0,0.0,23.419801993196273
0,0.0,23.41761887823397
0,0.0,23.41402027943003
0,0.0,23.41149582957791
0,0.0,23.39211004745567
0,0.0,23.38287587253063
0,0.0,23.379849377785636
0,0.0,23.377663340682442
0,0.0,23.348309765800792
0,0.0,23.34636187221795
0,0.0,23.329434128469703
0,0.0,23.327732996252568
0,0.0,23.321735803718557
0,0.0,23.31158961801428
0,0.0,23.311004349713357
0,0.0,23.2865762007974
0,0.0,23.280850207491067
0,0.0,23.260581747419256
0,0.0,23.24021257736368
0,0.0,23.222158954763525
0,0.0,23.211679262464493
0,0.0,23.19576916940046
0,0.0,23.191246450092933
0,0.0,23.191194566025565
0,0.0,23.18640086424043
0,0.0,23.182775745378613
0,0.0,23.182081973701596
0,0.0,23.174369880273495
0,0.0,23.16790131348923
0,0.0,23.152142489333933
0,0.0,23.14992894482022
0,0.0,23.146144289120212
0,0.0,23.124774664461768
0,0.0,23.112522640399856
0,0.0,23.081591796421428
0,0.0,23.071623167076382
0,0.0,23.070385598386828
0,0.0,23.054838928212444
0,0.0,23.05319497286111
0,0.0,23.037467486248868
0,0.0,23.034203397548595
0,0.0,23.03209125205747
0,0.0,23.02299197432149
0,0.0,23.01641900822876
0,0.0,23.00931092247288
0,0.0,23.00667717206902
0,0.0,22.962456036503117
0,0.0,22.961248383887213
0,0.0,22.959725560544296
0,0.0,22.957411143529665
0,0.0,22.944453360104486
0,0.0,22.934073423256287
0,0.0,22.924908078914946
0,0.0,22.920257468632997
0,0.0,22.900580426762957
0,0.0,22.884278464603746
0,0.0,22.879734572832067
0,0.0,22.873800075701983
0,0.0,22.87378957706107
0,0.0,22.873298696089208
0,0.0,22.87169287234337
0,0.0,22.87064774987412
0,0.0,22.86906545937729
0,0.0,22.86271493419033
0,0.0,22.862527315882726
0,0.0,22.856486721182236
0,0.0,22.854627451641434
0,0.0,22.851163850945593
0,0.0,22.847675438064705
0,0.0,22.844285382944513
0,0.0,22.831395628601967
0,0.0,22.82848550095545
0,0.0,22.81622652513798
0,0.0,22.800955072707097
0,0.0,22.79344024752445
0,0.0,22.781273569698193
0,0.0,22.77239771444227
0,0.0,22.771002318881905
0,0.0,22.747650755427088
0,0.0,22.72507103109191
0,0.0,22.72253980722885
0,0.0,22.700774317375338
0,0.0,22.697212955030974
0,0.0,22.696578653070173
0,0.0,22.69380836249615
0,0.0,22.68528163155744
0,0.0,22.658979599921597
0,0.0,22.65702076227812
0,0.0,22.653402149644318
0,0.0,22.65278284591674
0,0.0,22.652623473956687
0,0.0,22.647717810876184
0,0.0,22.64476476749734
0,0.0,22.635544319219807
0,0.0,22.632015613744866
0,0.0,22.62339226069495
0,0.0,22.6214472875892
0,0.0,22.618472463916042
0,0.0,22.603153576706646
0,0.0,22.599449742611164
0,0.0,22.59628427268787
0,0.0,22.59008969252492
0,0.0,22.583917332346097
0,0.0,22.578335022592345
0,0.0,22.5719871991422
0,0.0,22.535287689821256
0,0.0,22.52858619599874
0,0.0,22.526048416581393
0,0.0,22.505994954065024
0,0.0,22.502287410245046
0,0.0,22.49821669453433
0,0.0,22.49078917859776
0,0.0,22.48147307869421
0,0.0,22.471350367055177
0,0.0,22.468006764924883
0,0.0,22.46608000460942
0,0.0,22.464936170136614
0,0.0,22.45496607509169
0,0.0,22.454748213909426
0,0.0,22.439364848531778
0,0.0,22.432215562003563
0,0.0,22.430158439387935
0,0.0,22.429001466561974
0,0.0,22.42067852133902
0,0.0,22.417644170036095
0,0.0,22.407825360976112
0,0.0,22.40655903413429
0,0.0,22.40268982500133
0,0.0,22.399691663043722
0,0.0,22.393588024998856
0,0.0,22.391770530827245
0,0.0,22.374390826225337
0,0.0,22.362933990376117
0,0.0,22.34985978917927
0,0.0,22.344579986794905
0,0.0,22.34346190367352
0,0.0,22.341213325128788
0,0.0,22.33957175243328
0,0.0,22.33956948205613
0,0.0,22.338521020565565
0,0.0,22.323690325851757
0,0.0,22.31932904770879
0,0.0,22.318108101660016
0,0.0,22.31768758941663
0,0.0,22.31700529765863
0,0.0,22.307237322339244
0,0.0,22.304636358004622
0,0.0,22.295180456152618
0,0.0,22.29004373011391
0,0.0,22.28722203006524
0,0.0,22.286785727741268
0,0.0,22.268351669547513
0,0.0,22.26646178049925
0,0.0,22.26006905133055
0,0.0,22.250747757513263
0,0.0,22.2442660228631
0,0.0,22.24000682671743
0,0.0,22.21381043590819
0,0.0,22.204828804017367
0,0.0,22.20176618374451
0,0.0,22.198651314178875
0,0.0,22.180348090564692
0,0.0,22.167113374505355
0,0.0,22.165495552039513
0,0.0,22.161537189741843
0,0.0,22.152445717304122
0,0.0,22.150692159157664
0,0.0,22.13919523285313
0,0.0,22.137719389960026
0,0.0,22.13673706805413
0,0.0,22.131053350440308
0,0.0,22.129083070373767
0,0.0,22.124274822739377
0,0.0,22.122354974235403
0,0.0,22.11420360533779
0,0.0,22.111152510111815
0,0.0,22.110246226143083
0,0.0,22.106859928179038
0,0.0,22.10404133438991
0,0.0,22.10338241728344
0,0.0,22.099784557605897
0,0.0,22.098527182702224
0,0.0,22.094501443442745
0,0.0,22.084581829533747
0,0.0,22.079750674466567
0,0.0,22.068844175552197
0,0.0,22.060348162814464
0,0.0,22.05297040732286
0,0.0,22.042345887341504
0,0.0,22.013703351077815
0,0.0,22.007396870435482
0,0.0,22.00386221284775
0,0.0,21.997414909205833
0,0.0,21.986788177161607
0,0.0,21.986627379887533
0,0.0,21.983312061865746
0,0.0,21.982092181720787
0,0.0,21.973068725334283
0,0.0,21.96304309503123
0,0.0,21.958738218075485
0,0.0,21.947663658962874
0,0.0,21.94011474607576
0,0.0,21.915973763005695
0,0.0,21.90867553549102
0,0.0,21.89506118177245
0,0.0,21.893998571164683
0,0.0,21.86182502682814
0,0.0,21.851811666747754
0,0.0,21.85051423717985
0,0.0,21.846588501968196
0,0.0,21.845766179293534
0,0.0,21.844581851632864
0,0.0,21.841977902616026
0,0.0,21.839979379715704
0,0.0,21.833489759623987
0,0.0,21.832965854613313
0,0.0,21.828612633995544
0,0.0,21.82066822433019
0,0.0,21.80940744267677
0,0.0,21.804407692454422
0,0.0,21.803896073739327
0,0.0,21.793965999326797
0,0.0,21.79347997617652
0,0.0,21.779974222271836
0,0.0,21.774687607078484
0,0.0,21.763279757390762
0,0.0,21.75577098459176
0,0.0,21.749411097171336
0,0.0,21.728372873207565
0,0.0,21.716626868293055
0,0.0,21.710935065750107
0,0.0,21.70533858248672
0,0.0,21.701088065112614
0,0.0,21.694976927259592
0,0.0,21.69165378577589
0,0.0,21.683765855623633
0,0.0,21.659175554962676
0,0.0,21.65833617640311
0,0.0,21.6574507893857
0,0.0,21.644186459601592
0,0.0,21.64040569728373
0,0.0,21.62723846047859
0,0.0,21.61787263706906
0,0.0,21.61397756625773
0,0.0,21.60924391605298
0,0.0,21.60375241490564
0,0.0,21.586279037445827
0,0.0,21.581765288078966
0,0.0,21.570092214228957
0,0.0,21.56438408510728
0,0.0,21.5551760084367
0,0.0,21.544516620366466
0,0.0,21.52170188524516
0,0.0,21.518951196815696
0,0.0,21.50138672420699
0,0.0,21.49986812111975
0,0.0,21.499298740741967
0,0.0,21.491319463414015
0,0.0,21.489656611023722
0,0.0,21.48485417725744
0,0.0,21.480095180937457
0,0.0,21.47975329425257
0,0.0,21.477081224766508
0,0.0,21.47083863468581
0,0.0,21.466401183653833
0,0.0,21.464439294027606
0,0.0,21.454488235448707
0,0.0,21.448129342198296
0,0.0,21.42869188857586
0,0.0,21.42774101831993
0,0.0,21.426700881240272
0,0.0,21.41557708324805
0,0.0,21.402880509395672
0,0.0,21.39641436891958
0,0.0,21.39107014803516
0,0.0,21.38368400684443
0,0.0,21.383070868698933
0,0.0,21.382963332696058
0,0.0,21.38123531052515
0,0.0,21.379826910354836
0,0.0,21.37835911956099
0,0.0,21.37732344202363
0,0.0,21.36995946059908
0,0.0,21.367747590527593
0,0.0,21.36198194371206
0,0.0,21.35564686908642
0,0.0,21.3503007304485
0,0.0,21.341056204516295
0,0.0,21.34083139076015
0,0.0,21.33413238748702
0,0.0,21.325211186881134
0,0.0,21.317407271839937
0,0.0,21.311466783343274
0,0.0,21.308172336228218
0,0.0,21.297552010416872
0,0.0,21.293561592423913
0,0.0,21.285702168540727
0,0.0,21.28282935365344
0,0.0,21.2697392487018
0,0.0,21.26879165834344
0,0.0,21.263970012573544
0,0.0,21.262594812605187
0,0.0,21.259992419060836
0,0.0,21.25236619968536
0,0.0,21.244562103884522
0,0.0,21.236626983787545
0,0.0,21.233906212975647
0,0.0,21.229669241351047
0,0.0,21.22870143816095
0,0.0,21.22355659823038
0,0.0,21.22237798666574
0,0.0,21.216398052730323
0,0.0,21.21174319370864
0,0.0,21.205955112784494
0,0.0,21.204198186235335
0,0.0,21.203784853982988
0,0.0,21.19203635731108
0,0.0,21.17070220665404
0,0.0,21.16479576771322
0,0.0,21.143970847100785
0,0.0,21.141756476020692
0,0.0,21.13578484190381
0,0.0,21.123364012543192
0,0.0,21.121059851536337
0,0.0,21.117294783615687
0,0.0,21.116652320946784
0,0.0,21.109183577351512
0,0.0,21.09417492482964
0,0.0,21.087156763631267
0,0.0,21.086733912769507
0,0.0,21.080200580906396
0,0.0,21.07882341619835
0,0.0,21.069887552455796
0,0.0,21.06489985786506
0,0.0,21.064204202367662
0,0.0,21.061602028978225
0,0.0,21.057475449966162
0,0.0,21.046875003992714
0,0.0,21.045409362874263
0,0.0,21.04406004203573
0,0.0,21.043723686178826
0,0.0,21.038915143074256
0,0.0,21.03160874798102
0,0.0,21.025708039389535
0,0.0,21.02280961630841
0,0.0,21.011023315023905
0,0.0,21.010325551835784
0,0.0,21.010222146383438
0,0.0,21.00997848847627
0,0.0,20.992580662432832
0,0.0,20.990401774445882
0,0.0,20.985200151350046
0,0.0,20.983976447216175
0,0.0,20.981092728661746
0,0.0,20.978736182199103
0,0.0,20.97411159095753
0,0.0,20.96896466273729
0,0.0,20.968607253330237
0,0.0,20.955575515856637
0,0.0,20.954247975003188
0,0.0,20.95167368897715
0,0.0,20.942326936385566
0,0.0,20.939693219626747
0,0.0,20.93651563491201
0,0.0,20.93154597698981
0,0.0,20.92064905748246
0,0.0,20.90456279985181
0,0.0,20.901324200176177
0,0.0,20.896478220652327
0,0.0,20.885790099343765
0,0.0,20.874927307972445
0,0.0,20.87484273410015
0,0.0,20.864769562905014
0,0.0,20.861304922689463
0,0.0,20.858181534094324
0,0.0,20.845753643554456
0,0.0,20.84225447519765
0,0.0,20.841548659816592
0,0.0,20.832274379359284
0,0.0,20.830338698683935
0,0.0,20.819860752140258
0,0.0,20.81338351958245
0,0.0,20.812604341535177
0,0.0,20.810978315820197
0,0.0,20.809052180463453
0,0.0,20.807578839785787
0,0.0,20.80530431047088
0,0.0,20.796540891942847
0,0.0,20.78746044272134
0,0.0,20.774690866252186
0,0.0,20.77148831948294
0,0.0,20.764026493439683
0,0.0,20.756115860889793
0,0.0,20.75078753709768
0,0.0,20.74964174247302
0,0.0,20.746074477549094
0,0.0,20.73928586192821
0,0.0,20.735223324825334
0,0.0,20.73434233494007
0,0.0,20.732455395463944
0,0.0,20.7246723148247
0,0.0,20.71366355353069
0,0.0,20.71249747657399
0,0.0,20.71025504439321
0,0.0,20.70970674451979
0,0.0,20.703431326912657
0,0.0,20.700375629206377
0,0.0,20.688892137027917
0,0.0,20.685545797761215
0,0.0,20.66955262577469
0,0.0,20.664906709442157
0,0.0,20.658923407359815
0,0.0,20.65100072475249
0,0.0,20.64461901627934
0,0.0,20.62322090263383
0,0.0,20.621366608620274
0,0.0,20.613877889917546
0,0.0,20.61026784253317
0,0.0,20.608851305883025
0,0.0,20.604072873585707
0,0.0,20.5965829805069
0,0.0,20.594136720216206
0,0.0,20.590608255418392
0,0.0,20.59028713552204
0,0.0,20.58790588357707
0,0.0,20.586370872483055
0,0.0,20.58111492548584
0,0.0,20.58102182719012
0,0.0,20.562396300120305
0,0.0,20.556966372538295
0,0.0,20.545928651954565
0,0.0,20.54204323081291
0,0.0,20.536066551188007
0,0.0,20.53539077576536
0,0.0,20.533192459092756
0,0.0,20.5295459465217
0,0.0,20.527141078817227
0,0.0,20.521331678695564
0,0.0,20.503999309020685
0,0.0,20.48997471854652
0,0.0,20.48576560089862
0,0.0,20.471000933607204
0,0.0,20.468527303214607
0,0.0,20.464230523351237
0,0.0,20.46117875874351
0,0.0,20.454851268960635
0,0.0,20.45404369980408
0,0.0,20.453737905800256
0,0.0,20.450833875716818
0,0.0,20.450731869956922
0,0.0,20.443526955953075
0,0.0,20.42237638343647
0,0.0,20.42157243818827
0,0.0,20.418718337220486
0,0.0,20.40979773202858
0,0.0,20.40660948870106
0,0.0,20.401554403564706
0,0.0,20.39780675680726
0,0.0,20.389440282841694
0,0.0,20.36678827757265
0,0.0,20.357946121446886
0,0.0,20.35635243829888
0,0.0,20.335233377967175
0,0.0,20.33482409780618
0,0.0,20.333735808953733
0,0.0,20.33058599008758
0,0.0,20.326720297863762
0,0.0,20.319471521230728
0,0.0,20.31867605006811
0,0.0,20.313233213114117
0,0.0,20.310641837377013
0,0.0,20.309672845717085
0,0.0,20.305227395296214
0,0.0,20.301729094152773
0,0.0,20.301106695146956
0,0.0,20.30059727120094
0,0.0,20.29424626317543
0,0.0,20.29176273347982
0,0.0,20.29092675150762
0,0.0,20.27486522767958
0,0.0,20.273252354061963
0,0.0,20.262147445470738
0,0.0,20.259860736322775
0,0.0,20.25539585008713
0,0.0,20.246261470582176
0,0.0,20.239890711452535
0,0.0,20.23836427138216
0,0.0,20.232776902723902
0,0.0,20.229629834799628
0,0.0,20.225153727834392
0,0.0,20.221914385804517
0,0.0,20.21534130503362
0,0.0,20.21326718389956
0,0.0,20.2095950903616
0,0.0,20.206718442436802
0,0.0,20.195825135700364
0,0.0,20.19364968474079
0,0.0,20.190822959175122
0,0.0,20.18853008282684
0,0.0,20.186058727334313
0,0.0,20.18000077886249
0,0.0,20.173542618648575
0,0.0,20.15677034381003
0,0.0,20.154992451568365
0,0.0,20.148473160510584
0,0.0,20.148059192171655
0,0.0,20.141530387724263
0,0.0,20.13928504206763
0,0.0,20.129630616024254
0,0.0,20.127001113835274
0,0.0,20.114819949148643
0,0.0,20.113904824441928
0,0.0,20.10554900799835
0,0.0,20.10138668592245
0,0.0,20.099098287118558
0,0.0,20.09375750919983
0,0.0,20.089441694517177
0,0.0,20.081895908971624
0,0.0,20.074470021945793
0,0.0,20.069943758178518
0,0.0,20.069255911758983
0,0.0,20.058261373005944
0,0.0,20.05350114241676
0,0.0,20.040993125291852
0,0.0,20.03414397289447
0,0.0,20.034105069476794
0,0.0,20.033636722261633
0,0.0,20.019509608133905
0,0.0,20.012847330083986
0,0.0,20.00593068478688
0,0.0,20.001337803953334
0,0.0,19.999512203580878
0,0.0,19.99789389346383
0,0.0,19.99788127669624
0,0.0,19.994956722639504
0,0.0,19.993907160138455
0,0.0,19.987123905741917
0,0.0,19.980851509552842
0,0.0,19.97692246201904
0,0.0,19.969596403338233
0,0.0,19.96248437253271
0,0.0,19.960615965121356
0,0.0,19.954373360668356
0,0.0,19.952789820110166
0,0.0,19.95090791279583
0,0.0,19.946539787502516
0,0.0,19.944109665315157
0,0.0,19.93170216953114
0,0.0,19.917311218757636
0,0.0,19.90679866522208
0,0.0,19.90646680739387
0,0.0,19.9019334795282
0,0.0,19.900278693470373
0,0.0,19.89574724322719
0,0.0,19.89469362194757
0,0.0,19.891010196038074
0,0.0,19.883495735394888
0,0.0,19.87584062246165
0,0.0,19.86632271574453
0,0.0,19.866182652466293
0,0.0,19.864803355830635
0,0.0,19.854990936097195
0,0.0,19.85137007633396
0,0.0,19.84251476910902
0,0.0,19.840065668793454
0,0.0,19.838748846898813
0,0.0,19.821011596199593
0,0.0,19.81833186623488
0,0.0,19.809953958102355
0,0.0,19.809603662453988
0,0.0,19.79854706413547
0,0.0,19.79379563252424
0,0.0,19.789527957481603
0,0.0,19.788112860537716
0,0.0,19.780829741951326
0,0.0,19.775874889445454
0,0.0,19.771132406099163
0,0.0,19.768644315453496
0,0.0,19.766032959172975
0,0.0,19.76267729642691
0,0.0,19.761401851303535
0,0.0,19.761261777678445
0,0.0,19.743262878174285
0,0.0,19.741152795056273
0,0.0,19.73936637555162
0,0.0,19.72638499521354
0,0.0,19.724439322969307
0,0.0,19.721905691241282
0,0.0,19.721339803898964
0,0.0,19.712482870836517
0,0.0,19.71230054459215
0,0.0,19.690312598581386
0,0.0,19.68664795792978
0,0.0,19.681922392707502
0,0.0,19.670053299528355
0,0.0,19.665987437311166
0,0.0,19.655350114421214
0,0.0,19.65280192946917
0,0.0,19.636858718245858
0,0.0,19.63442898956164
0,0.0,19.631089961525074
0,0.0,19.62594802484071
0,0.0,19.62199310795525
0,0.0,19.619858612123323
0,0.0,19.61659052964652
0,0.0,19.613817638842306
0,0.0,19.612440457665095
0,0.0,19.606255786386786
0,0.0,19.601187331904995
0,0.0,19.598142817685922
0,0.0,19.595840084029923
0,0.0,19.591174067811792
0,0.0,19.591057264152948
0,0.0,19.590573170042486
0,0.0,19.589982770609012
0,0.0,19.58949530889457
0,0.0,19.580425014385234
0,0.0,19.579632480709396
0,0.0,19.574046387745575
0,0.0,19.573776276630348
0,0.0,19.566245740458733
0,0.0,19.56577139536923
0,0.0,19.560555248466773
0,0.0,19.556717628341932
0,0.0,19.553881067383134
0,0.0,19.548011262842728
0,0.0,19.54782823153237
0,0.0,19.53875969355073
0,0.0,19.538434017180965
0,0.0,19.53528915511593
0,0.0,19.531616206701056
0,0.0,19.526818417462582
0,0.0,19.52127515476589
0,0.0,19.51632442895075
0,0.0,19.511810539377848
0,0.0,19.50381021030341
0,0.0,19.49242108452894
0,0.0,19.492196206968128
0,0.0,19.485758464394603
0,0.0,19.48343655832049
0,0.0,19.477863011364153
0,0.0,19.474850003063402
0,0.0,19.470844744859615
0,0.0,19.458573600335097
0,0.0,19.456314338269884
0,0.0,19.455426550653538
0,0.0,19.451343317427256
0,0.0,19.449855741875417
0,0.0,19.439090205873576
0,0.0,19.4319513748923
0,0.0,19.42824563228698
0,0.0,19.42097462668409
0,0.0,19.40382723128487
0,0.0,19.40099197252895
0,0.0,19.400525945278815
0,0.0,19.3977062598153
0,0.0,19.397013507633933
0,0.0,19.395901858204933
0,0.0,19.394570387752125
0,0.0,19.388964261968365
0,0.0,19.38614152820174
0,0.0,19.386036295152035
0,0.0,19.38594269256319
0,0.0,19.38358964444307
0,0.0,19.372173876924812
0,0.0,19.36002558082597
0,0.0,19.355648788791193
0,0.0,19.34781220177765
0,0.0,19.344729457222957
0,0.0,19.341856836708917
0,0.0,19.335604605317144
0,0.0,19.33479957155295
0,0.0,19.333312761413676
0,0.0,19.330018942506015
0,0.0,19.326829354923575
0,0.0,19.3187639639123
0,0.0,19.316486952679018
0,0.0,19.307978953821443
0,0.0,19.306367742027067
0,0.0,19.301958180205787
0,0.0,19.298527104829287
0,0.0,19.29476517129134
0,0.0,19.287946739678702
0,0.0,19.2843341336133
0,0.0,19.270959516915667
0,0.0,19.270764737167102
0,0.0,19.269282164955577
0,0.0,19.265425014396172
0,0.0,19.261391649813792
0,0.0,19.260214438167946
0,0.0,19.238001050679674
0,0.0,19.236391554077453
0,0.0,19.230544526847513
0,0.0,19.228163405855277
0,0.0,19.22402610005707
0,0.0,19.22301501485422
0,0.0,19.222273040491274
0,0.0,19.221538670273965
0,0.0,19.217345168078797
0,0.0,19.213925131843517
0,0.0,19.2127668119253
0,0.0,19.208886098513904
0,0.0,19.203803898310536
0,0.0,19.203122996693622
0,0.0,19.20262061890135
0,0.0,19.19677061639899
0,0.0,19.185990576398762
0,0.0,19.18285909158148
0,0.0,19.18241983195342
0,0.0,19.17247702660241
0,0.0,19.172114918518076
0,0.0,19.16365157088608
0,0.0,19.162837490382326
0,0.0,19.14998255743418
0,0.0,19.13087933783203
0,0.0,19.12820738628116
0,0.0,19.12678352716142
0,0.0,19.122827566658486
0,0.0,19.12162509501051
0,0.0,19.120953595693315
0,0.0,19.117658866745874
0,0.0,19.115598490004473
0,0.0,19.11342068931544
0,0.0,19.11328178322431
0,0.0,19.11316332674143
0,0.0,19.10134381543403
0,0.0,19.097984701668075
0,0.0,19.09766143713049
0,0.0,19.091899778279767
0,0.0,19.08436582171596
0,0.0,19.083074047484406
0,0.0,19.081187795327985
0,0.0,19.07858793213168
0,0.0,19.07527041466561
0,0.0,19.07233141689018
0,0.0,19.066566983809405
0,0.0,19.057920096148997
0,0.0,19.053516862076496
0,0.0,19.049356788028973
0,0.0,19.04054083456686
0,0.0,19.03917590679583
0,0.0,19.03823663225467
0,0.0,19.021041570990317
0,0.0,19.0144403634603
0,0.0,19.008992999012325
0,0.0,19.00198993571785
0,0.0,18.99868274021511
0,0.0,18.99023728124493
0,0.0,18.98390529667511
0,0.0,18.983432459131915
0,0.0,18.982998946015723
0,0.0,18.978217069153597
0,0.0,18.969856828067645
0,0.0,18.964795029596708
0,0.0,18.959427074226372
0,0.0,18.953453566320892
0,0.0,18.952076281799922
0,0.0,18.950847602628578
0,0.0,18.947141095824104
0,0.0,18.94228661916942
0,0.0,18.940444276998164
0,0.0,18.938201546840457
0,0.0,18.936786819605594
0,0.0,18.93343956942988
0,0.0,18.93043286496183
0,0.0,18.928033847335254
0,0.0,18.919892901333327
0,0.0,18.911726058165957
0,0.0,18.90596729509094
0,0.0,18.891206146929377
0,0.0,18.890879348773016
0,0.0,18.88666840991516
0,0.0,18.877154852888467
0,0.0,18.875540605492944
0,0.0,18.873333854134724
0,0.0,18.86600024378899
0,0.0,18.863640843348136
0,0.0,18.862265673011926
0,0.0,18.823336257096333
0,0.0,18.822739125077632
0,0.0,18.814219473750352
0,0.0,18.807919731033255
0,0.0,18.80419939373543
0,0.0,18.80332188580837
0,0.0,18.7938551722745
0,0.0,18.789287235639154
0,0.0,18.78202056928837
0,0.0,18.772070643034056
0,0.0,18.77205784770691
0,0.0,18.769650607431664
0,0.0,18.762408741411807
0,0.0,18.7543765356941
0,0.0,18.752411229155467
0,0.0,18.749845953031876
0,0.0,18.74523618669859
0,0.0,18.728888700972835
0,0.0,18.72870722361772
0,0.0,18.728035540679475
0,0.0,18.725697070043562
0,0.0,18.72223811333813
0,0.0,18.721938349827465
0,0.0,18.719241829732574
0,0.0,18.71403166665805
0,0.0,18.712359283446897
0,0.0,18.706016409352188
0,0.0,18.703760836860013
0,0.0,18.69779181503603
0,0.0,18.69634569841138
0,0.0,18.687121673366946
0,0.0,18.678452459769506
0,0.0,18.67345176630575
0,0.0,18.664877894874905
0,0.0,18.66389577067127
0,0.0,18.66189478921385
0,0.0,18.656213230393067
0,0.0,18.65541986636539
0,0.0,18.65347180137029
0,0.0,18.647991778330972
0,0.0,18.64795783592109
0,0.0,18.646598270380093
0,0.0,18.642429455601967
0,0.0,18.63888847085987
0,0.0,18.63624833253483
0,0.0,18.63461435450346
0,0.0,18.63202261847073
0,0.0,18.627394818857915
0,0.0,18.622881834579115
0,0.0,18.622607586974546
0,0.0,18.62024790736823
0,0.0,18.619558089050074
0,0.0,18.61445308214596
0,0.0,18.604863975141154
0,0.0,18.60382655668717
0,0.0,18.602391494887602
0,0.0,18.600960033492502
0,0.0,18.599172405675358
0,0.0,18.59219507417581
0,0.0,18.583744405541673
0,0.0,18.582999334040704
0,0.0,18.581484482701832
0,0.0,18.5750852037447
0,0.0,18.57337485368618
0,0.0,18.564327864559257
0,0.0,18.560663327292147
0,0.0,18.54937422100422
0,0.0,18.547722247082508
0,0.0,18.54725879709864
0,0.0,18.544008519458156
0,0.0,18.54166155157791
0,0.0,18.53750558996666
0,0.0,18.535022860343204
0,0.0,18.527628303825633
0,0.0,18.5199443143193
0,0.0,18.51309145963155
0,0.0,18.510405945689513
0,0.0,18.494081364767215
0,0.0,18.48696102261588
0,0.0,18.484966543413595
0,0.0,18.469855559354386
0,0.0,18.46875040769378
0,0.0,18.468073815394423
0,0.0,18.465412356293008
0,0.0,18.46263871720782
0,0.0,18.44270943608533
0,0.0,18.44210423316918
0,0.0,18.437539981157766
0,0.0,18.43672194414163
0,0.0,18.432696428312713
0,0.0,18.429352951830694
0,0.0,18.42688324932959
0,0.0,18.42563359954614
0,0.0,18.42277152046541
0,0.0,18.419108273633388
0,0.0,18.419013381863873
0,0.0,18.4127070435031
0,0.0,18.40838004702283
0,0.0,18.40519533242384
0,0.0,18.384094423430426
0,0.0,18.379270310528856
0,0.0,18.37793500649076
0,0.0,18.37514335342512
0,0.0,18.364250951291677
0,0.0,18.36161412313174
0,0.0,18.354928203707725
0,0.0,18.352613194147782
0,0.0,18.349859758594025
0,0.0,18.340074625396745
0,0.0,18.3361710451852
0,0.0,18.32502925804389
0,0.0,18.321633647039736
0,0.0,18.314809527199227
0,0.0,18.309837068784265
0,0.0,18.30909811469754
0,0.0,18.301085270931438
0,0.0,18.295572997907353
0,0.0,18.285373810197576
0,0.0,18.281659408412725
0,0.0,18.277788212449295
0,0.0,18.277605300331338
0,0.0,18.274564224083658
0,0.0,18.27417522680649
0,0.0,18.265931219238674
0,0.0,18.239916332805475
0,0.0,18.2180145746095
0,0.0,18.216501630293678
0,0.0,18.21266172171402
0,0.0,18.200229654000598
0,0.0,18.19603827149033
0,0.0,18.191907638062762
0,0.0,18.19016178853898
0,0.0,18.18960374118729
0,0.0,18.185429483939725
0,0.0,18.17980412615445
0,0.0,18.178686169421074
0,0.0,18.164185116240823
0,0.0,18.163145469299664
0,0.0,18.149978502942904
0,0.0,18.14950631688157
0,0.0,18.146273934449056
0,0.0,18.125979123582766
0,0.0,18.12344808314453
0,0.0,18.122104545955665
0,0.0,18.11935823751807
0,0.0,18.116083663434512
0,0.0,18.11311297081386
0,0.0,18.106683472847962
0,0.0,18.101059392332797
0,0.0,18.09841274398259
0,0.0,18.097855581127224
0,0.0,18.09357424587304
0,0.0,18.092717412353128
0,0.0,18.08350862358199
0,0.0,18.06801790708251
0,0.0,18.05824395381116
0,0.0,18.050791948295437
0,0.0,18.046473341364965
0,0.0,18.043107447319578
0,0.0,18.042517286186957
0,0.0,18.040287924936106
0,0.0,18.039893386480855
0,0.0,18.03565737784889
0,0.0,18.035095608422218
0,0.0,18.033608293214183
0,0.0,18.032456294273278
0,0.0,18.02675130272108
0,0.0,18.026553175822016
0,0.0,18.02589096925294
0,0.0,18.018700165731982
0,0.0,18.014428371024472
0,0.0,18.014368948952736
0,0.0,17.998628580848166
0,0.0,17.997014339535955
0,0.0,17.995635365365896
0,0.0,17.978888682258123
0,0.0,17.969240997065075
0,0.0,17.966806295513393
0,0.0,17.963856561488317
0,0.0,17.955876620907627
0,0.0,17.951473194075547
0,0.0,17.941223050404876
0,0.0,17.9395298648886
0,0.0,17.93861718905358
0,0.0,17.932548525501048
0,0.0,17.93050994702062
0,0.0,17.928655124878283
0,0.0,17.92779413253966
0,0.0,17.92546101908815
0,0.0,17.925260635700752
0,0.0,17.92462640109546
0,0.0,17.91735091750331
0,0.0,17.914744732517832
0,0.0,17.909059904028535
0,0.0,17.905849659213587
0,0.0,17.901052644422656
0,0.0,17.893673112339055
0,0.0,17.888304934970922
0,0.0,17.88384669323241
0,0.0,17.875078956160344
0,0.0,17.871366232392575
0,0.0,17.86107561834632
0,0.0,17.858584087771035
0,0.0,17.858389094825174
0,0.0,17.856018580110426
0,0.0,17.854252777250405
0,0.0,17.851834425102922
0,0.0,17.848396427937825
0,0.0,17.84829575390544
0,0.0,17.845777818547
0,0.0,17.84157117648527
0,0.0,17.835331256136666
0,0.0,17.8305869780489
0,0.0,17.82429787812553
0,0.0,17.813991684743662
0,0.0,17.81325045140242
0,0.0,17.809188890802478
0,0.0,17.807973900340176
0,0.0,17.803461674199475
0,0.0,17.79102277324394
0,0.0,17.786057557261532
0,0.0,17.764766025064098
0,0.0,17.76307222014967
0,0.0,17.759364184031895
0,0.0,17.75915571024103
0,0.0,17.758519875815107
0,0.0,17.752737669718105
0,0.0,17.750767567887895
0,0.0,17.749276594582334
0,0.0,17.74451096737232
0,0.0,17.7426547548564
0,0.0,17.733502426096404
0,0.0,17.73290243249082
0,0.0,17.732122940628784
0,0.0,17.71734560051444
0,0.0,17.716270848978173
0,0.0,17.698027179474053
0,0.0,17.697402998348206
0,0.0,17.691087006923887
0,0.0,17.69017429265762
0,0.0,17.689364943175597
0,0.0,17.68371479383367
0,0.0,17.678920521646585
0,0.0,17.67851144194145
0,0.0,17.67724546984827
0,0.0,17.66446231288211
0,0.0,17.66215501608881
0,0.0,17.657832638429735
0,0.0,17.652120599619554
0,0.0,17.64816688626464
0,0.0,17.647533383839892
0,0.0,17.64742037097424
0,0.0,17.646709398626175
0,0.0,17.643786555155046
0,0.0,17.637981797325565
0,0.0,17.630152749606097
0,0.0,17.62281280435747
0,0.0,17.622286555421706
0,0.0,17.622242397834373
0,0.0,17.620430243893345
0,0.0,17.61615951227679
0,0.0,17.605816549409163
0,0.0,17.60462686940945
0,0.0,17.59915395313021
0,0.0,17.598687503464685
0,0.0,17.597927123075053
0,0.0,17.592827933827557
0,0.0,17.587144863196183
0,0.0,17.581853288509514
0,0.0,17.576834153131312
0,0.0,17.571099352935576
0,0.0,17.566020152374275
0,0.0,17.562204380096784
0,0.0,17.559435888338175
0,0.0,17.556828394370577
0,0.0,17.55633276360131
0,0.0,17.55299949594936
0,0.0,17.535943146759823
0,0.0,17.52833991334928
0,0.0,17.528001555812345
0,0.0,17.52677309507171
0,0.0,17.519318801148437
0,0.0,17.519108920192963
0,0.0,17.51589677895013
0,0.0,17.513010996170557
0,0.0,17.50531372499759
0,0.0,17.491487115118375
0,0.0,17.4910654833336
0,0.0,17.4872812124309
0,0.0,17.484941091267988
0,0.0,17.479839011640706
0,0.0,17.478599629924876
0,0.0,17.477218496077796
0,0.0,17.474871924631966
0,0.0,17.454915892663077
0,0.0,17.454330601939727
0,0.0,17.44318312568458
0,0.0,17.44278498719784
0,0.0,17.43960774891842
0,0.0,17.437640274246284
0,0.0,17.432153594333933
0,0.0,17.431047849854494
0,0.0,17.421469051918
0,0.0,17.41516507396141
0,0.0,17.415151796078913
0,0.0,17.401270322275664
0,0.0,17.399502642440083
0,0.0,17.370670209375984
0,0.0,17.367713920926874
0,0.0,17.348643991753956
0,0.0,17.333016694549773
0,0.0,17.328447813693508
0,0.0,17.3267794350649
0,0.0,17.32663097047562
0,0.0,17.32343046323816
0,0.0,17.317921844374666
0,0.0,17.315502876592014
0,0.0,17.312781936117712
0,0.0,17.311556148070142
0,0.0,17.308069935946783
0,0.0,17.30653787987225
0,0.0,17.298854735904165
0,0.0,17.2899563606266
0,0.0,17.289134431702582
0,0.0,17.286078232620877
0,0.0,17.259227199153962
0,0.0,17.25261150031506
0,0.0,17.24988343831869
0,0.0,17.243188672166415
0,0.0,17.239573585765108
0,0.0,17.22987622663822
0,0.0,17.228113039855455
0,0.0,17.226842694473508
0,0.0,17.222433321983655
0,0.0,17.218300365332713
0,0.0,17.218284596480377
0,0.0,17.214959320191156
0,0.0,17.207691301394494
0,0.0,17.19610680395064
0,0.0,17.196061700442964
0,0.0,17.18861606187383
0,0.0,17.18090585228708
0,0.0,17.176937016971767
0,0.0,17.175374150738094
0,0.0,17.17004668783059
0,0.0,17.16791214365587
0,0.0,17.15947479217825
0,0.0,17.150312147649007
0,0.0,17.144607784176593
0,0.0,17.13975953898408
0,0.0,17.13854998987987
0,0.0,17.125949882273463
0,0.0,17.125612291840206
0,0.0,17.095351734029514
0,0.0,17.087256276903968
0,0.0,17.08522465166046
0,0.0,17.08438144280339
0,0.0,17.081410815880407
0,0.0,17.077002972442347
0,0.0,17.071908383112802
0,0.0,17.066057246997985
0,0.0,17.0653870057565
0,0.0,17.06470010830361
0,0.0,17.04153031549138
0,0.0,17.03785005813574
0,0.0,17.037453632542793
0,0.0,17.03289951741418
0,0.0,17.015517078309447
0,0.0,17.011355942145745
0,0.0,17.010156169746402
0,0.0,17.00947171424204
0,0.0,17.006921951060328
0,0.0,17.00525023930101
0,0.0,17.00100922259281
0,0.0,16.993692410230306
0,0.0,16.98158064304296
0,0.0,16.97947196024046
0,0.0,16.977011216476875
0,0.0,16.95983846305197
0,0.0,16.953767051555122
0,0.0,16.953683217517778
0,0.0,16.948073717146823
0,0.0,16.931935380665312
0,0.0,16.930032011715728
0,0.0,16.927416205098105
0,0.0,16.926319372733545
0,0.0,16.923846754984528
0,0.0,16.915088190487698
0,0.0,16.912164854872856
0,0.0,16.901742500055374
0,0.0,16.900771822778974
0,0.0,16.880762258268877
0,0.0,16.876579194105112
0,0.0,16.868127127533494
0,0.0,16.86587750513048
0,0.0,16.865784582994866
0,0.0,16.864536547537465
0,0.0,16.862808597460493
0,0.0,16.857578002052122
0,0.0,16.854805356596575
0,0.0,16.851102293894435
0,0.0,16.846913872353827
0,0.0,16.829146766046048
0,0.0,16.828944931649428
0,0.0,16.827529243299885
0,0.0,16.819287274168072
0,0.0,16.818018367120953
0,0.0,16.79037611532844
0,0.0,16.78899272241624
0,0.0,16.783342247056947
0,0.0,16.772183879164604
0,0.0,16.770920361756325
0,0.0,16.764865358781986
0,0.0,16.763069115089074
0,0.0,16.753451439498033
0,0.0,16.735445718485067
0,0.0,16.728052987513085
0,0.0,16.726915235142947
0,0.0,16.722337354749033
0,0.0,16.718353282118926
0,0.0,16.7137045839185
0,0.0,16.710288720697005
0,0.0,16.70598247000763
0,0.0,16.704669382680354
0,0.0,16.69288756649227
0,0.0,16.67314055749187
0,0.0,16.67168260260859
0,0.0,16.6678699195743
0,0.0,16.646511896163606
0,0.0,16.634240238228568
0,0.0,16.62692791549851
0,0.0,16.626414036369493
0,0.0,16.61397530826272
0,0.0,16.61369767900784
0,0.0,16.60899170716925
0,0.0,16.603677911433586
0,0.0,16.597617728949544
0,0.0,16.597490267948377
0,0.0,16.594879764284098
0,0.0,16.59394790758395
0,0.0,16.59073251483146
0,0.0,16.569113410933177
0,0.0,16.568271438720327
0,0.0,16.56419823312852
0,0.0,16.564136917481882
0,0.0,16.563186508838736
0,0.0,16.557414189722248
0,0.0,16.533647874180645
0,0.0,16.526345401007667
0,0.0,16.521131400118957
0,0.0,16.512788171652517
0,0.0,16.506344602248383
0,0.0,16.506063986714878
0,0.0,16.504886434259944
0,0.0,16.503552887246066
0,0.0,16.501347576844722
0,0.0,16.48941666179629
0,0.0,16.488433469916046
0,0.0,16.481667816966613
0,0.0,16.477670033995743
0,0.0,16.4752561032573
0,0.0,16.471782688879845
0,0.0,16.471250560454493
0,0.0,16.467539925692886
0,0.0,16.45361101744193
0,0.0,16.44818760235499
0,0.0,16.438260319575953
0,0.0,16.422483868573977
0,0.0,16.41742500197969
0,0.0,16.412666540680114
0,0.0,16.39500495509008
0,0.0,16.394785763431262
0,0.0,16.379468532643376
0,0.0,16.37857058947979
0,0.0,16.37802960574909
0,0.0,16.371887349695214
0,0.0,16.369862172048876
0,0.0,16.36702086737654
0,0.0,16.3623460269078
0,0.0,16.355792112473956
0,0.0,16.346227256651286
0,0.0,16.344658901175205
0,0.0,16.335792986811917
0,0.0,16.328054717506163
0,0.0,16.328009575242927
0,0.0,16.32103576375993
0,0.0,16.31331635908418
0,0.0,16.292251430975394
0,0.0,16.291222828488824
0,0.0,16.286617544483455
0,0.0,16.277827483965236
0,0.0,16.26116091793488
0,0.0,16.252895098712496
0,0.0,16.245503457594804
0,0.0,16.22258644989088
0,0.0,16.217549857602805
0,0.0,16.215672446797047
0,0.0,16.215256278996574
0,0.0,16.214930688563143
0,0.0,16.21096124440233
0,0.0,16.196016086525564
0,0.0,16.19034384155975
0,0.0,16.187875242413835
0,0.0,16.17453404506512
0,0.0,16.173844099831193
0,0.0,16.160545930770205
0,0.0,16.150626311323542
0,0.0,16.129674710958287
0,0.0,16.12740234126879
0,0.0,16.12112913154197
0,0.0,16.11834183343193
0,0.0,16.114980029112786
0,0.0,16.105506323976826
0,0.0,16.095349646029216
0,0.0,16.090917207160608
0,0.0,16.088098205363494
0,0.0,16.0753702198278
0,0.0,16.066840040636677
0,0.0,16.066138094722863
0,0.0,16.05734441465758
0,0.0,16.05243881157679
0,0.0,16.048476642056862
0,0.0,16.04748309184572
0,0.0,16.03151012441537
0,0.0,16.031447693738173
0,0.0,16.01407114781864
0,0.0,16.01096820846281
0,0.0,16.00480247677608
0,0.0,15.9846703589811
0,0.0,15.978303348263246
0,0.0,15.968895231224096
0,0.0,15.96331151671361
0,0.0,15.962613796464554
0,0.0,15.960254665045946
0,0.0,15.960184301098945
0,0.0,15.937446440523935
0,0.0,15.930091795968
0,0.0,15.924590551553717
0,0.0,15.9226894625313
0,0.0,15.91860065684964
0,0.0,15.917967666659758
0,0.0,15.915799388673987
0,0.0,15.914274487005475
0,0.0,15.902568205621346
0,0.0,15.885877298139969
0,0.0,15.884670546452618
0,0.0,15.864148734619903
0,0.0,15.856229706656615
0,0.0,15.838453020061664
0,0.0,15.83494963019476
0,0.0,15.830152362106453
0,0.0,15.819494610498442
0,0.0,15.818574431893854
0,0.0,15.8041882847677
0,0.0,15.804093515513452
0,0.0,15.800301595356332
0,0.0,15.795005375025326
0,0.0,15.794818519772752
0,0.0,15.794442384021679
0,0.0,15.794319514138127
0,0.0,15.786597151517935
0,0.0,15.783560769148586
0,0.0,15.783453890678283
0,0.0,15.780274910745385
0,0.0,15.77941948382272
0,0.0,15.773788881213653
0,0.0,15.762847831537288
0,0.0,15.762354896390748
0,0.0,15.737805044811624
0,0.0,15.72803214444211
0,0.0,15.72789728864401
0,0.0,15.727689508134802
0,0.0,15.716972636261344
0,0.0,15.716950392578093
0,0.0,15.709920593665666
0,0.0,15.695968586213883
0,0.0,15.695747509224
0,0.0,15.690461436596712
0,0.0,15.667794994368872
0,0.0,15.667713668976154
0,0.0,15.66097137097165
0,0.0,15.659086556639288
0,0.0,15.656028840211812
0,0.0,15.653697810778848
0,0.0,15.6488104451395
0,0.0,15.641157721411986
0,0.0,15.617308667383094
0,0.0,15.601015413947767
0,0.0,15.593485156479861
0,0.0,15.566960385195697
0,0.0,15.548370976255498
0,0.0,15.522947572410672
0,0.0,15.52275106349628
0,0.0,15.495625366874702
0,0.0,15.472739861029082
0,0.0,15.465134923136633
0,0.0,15.463681382885966
0,0.0,15.451056762625253
0,0.0,15.432103980189291
0,0.0,15.430518625985762
0,0.0,15.428188722407269
0,0.0,15.422736426045407
0,0.0,15.41803011741523
0,0.0,15.415199998867289
0,0.0,15.410516184359208
0,0.0,15.402537874663834
0,0.0,15.396633976418405
0,0.0,15.394830465763095
0,0.0,15.388096201218891
0,0.0,15.387270565750924
0,0.0,15.379050027137168
0,0.0,15.376437313826445
0,0.0,15.376321646340516
0,0.0,15.374021770631995
0,0.0,15.371444441612113
0,0.0,15.368403580945282
0,0.0,15.368271058701165
0,0.0,15.362056681056812
0,0.0,15.355715788367451
0,0.0,15.353679752308468
0,0.0,15.350794611653065
0,0.0,15.350303259255991
0,0.0,15.345425918332802
0,0.0,15.344223031571989
0,0.0,15.343806013579028
0,0.0,15.335029777177095
0,0.0,15.334350028802666
0,0.0,15.325238382843954
0,0.0,15.324903509356888
0,0.0,15.312407142466947
0,0.0,15.311315933027362
0,0.0,15.309393912885703
0,0.0,15.308073437116123
0,0.0,15.304581025399669
0,0.0,15.30144008631529
0,0.0,15.276235202885662
0,0.0,15.257822330711994
0,0.0,15.254497820000427
0,0.0,15.25277140909281
0,0.0,15.242949667704082
0,0.0,15.241642584418525
0,0.0,15.231814428398033
0,0.0,15.2310589019393
0,0.0,15.222211198209953
0,0.0,15.220035420351072
0,0.0,15.214550335791962
0,0.0,15.209593975400944
0,0.0,15.198453654972964
0,0.0,15.192605378620113
0,0.0,15.191845936389425
0,0.0,15.168452483588926
0,0.0,15.163165419795652
0,0.0,15.162015285057254
0,0.0,15.161243238082712
0,0.0,15.160858297288945
0,0.0,15.145248863853903
0,0.0,15.133459414830428
0,0.0,15.114482477618967
0,0.0,15.112311418667826
0,0.0,15.110312987466337
0,0.0,15.107603021847769
0,0.0,15.102911658567777
0,0.0,15.090875416475182
0,0.0,15.08095299257575
0,0.0,15.076506616882781
0,0.0,15.074260412204858
0,0.0,15.062805394847912
0,0.0,15.06133351844718
0,0.0,15.060515043249918
0,0.0,15.049812426647598
0,0.0,15.046908012133034
0,0.0,15.03465671571577
0,0.0,15.021013171964231
0,0.0,15.014904050445663
0,0.0,15.000741505596137
0,0.0,14.998833024871022
0,0.0,14.988581784510535
0,0.0,14.988412411402647
0,0.0,14.988188570159963
0,0.0,14.983841123119355
0,0.0,14.968678321797075
0,0.0,14.966203424167254
0,0.0,14.961334816548634
0,0.0,14.95657965103875
0,0.0,14.956244847542033
0,0.0,14.9553842248006
0,0.0,14.952295625038458
0,0.0,14.951696346877783
0,0.0,14.914261478341036
0,0.0,14.881054942160509
0,0.0,14.88077055341935
0,0.0,14.868364386447844
0,0.0,14.8649207837191
0,0.0,14.862126890984486
0,0.0,14.849430539394083
0,0.0,14.847843021412425
0,0.0,14.845844848011893
0,0.0,14.83896039425526
0,0.0,14.831518611237643
0,0.0,14.824557066100118
0,0.0,14.821261059564273
0,0.0,14.812925502890188
0,0.0,14.812233449189987
0,0.0,14.804675160271813
0,0.0,14.803669574255295
0,0.0,14.792445278436576
0,0.0,14.785925372282419
0,0.0,14.783765172851151
0,0.0,14.783336682216696
0,0.0,14.779172624918628
0,0.0,14.775326011269392
0,0.0,14.751500757670046
0,0.0,14.735286659770107
0,0.0,14.728368021711642
0,0.0,14.728349957577406
0,0.0,14.719365925658005
0,0.0,14.69715507089376
0,0.0,14.695446616990576
0,0.0,14.660873761846707
0,0.0,14.651566603348833
0,0.0,14.640284932426106
0,0.0,14.63361907401816
0,0.0,14.626151419877784
0,0.0,14.607596234238772
0,0.0,14.593571117384284
0,0.0,14.584764007985065
0,0.0,14.569468305150062
0,0.0,14.565904457080105
0,0.0,14.555592528608816
0,0.0,14.543860146550108
0,0.0,14.534135465453774
0,0.0,14.533834096338094
0,0.0,14.523124904986874
0,0.0,14.518733741186482
0,0.0,14.514229578998162
0,0.0,14.48661407192047
0,0.0,14.473783921950577
0,0.0,14.471096453644185
0,0.0,14.46079669840787
0,0.0,14.449328312682827
0,0.0,14.426092114158498
0,0.0,14.413808422895492
0,0.0,14.389997007901883
0,0.0,14.376925583113719
0,0.0,14.367355022368733
0,0.0,14.348025744129012
0,0.0,14.344122783042199
0,0.0,14.312413244658915
0,0.0,14.237138504999098
0,0.0,14.22538772621225
0,0.0,14.21727689259359
0,0.0,14.208277882726627
0,0.0,14.200911055756283
0,0.0,14.194276781740239
0,0.0,14.18992334595162
0,0.0,14.183506791764756
0,0.0,14.16548154163252
0,0.0,14.149336090445038
0,0.0,14.137792235345746
0,0.0,14.13566408243848
0,0.0,14.116829743655051
0,0.0,14.106267587462652
0,0.0,14.094540034338683
0,0.0,14.052235810919461
0,0.0,14.046807413240748
0,0.0,14.039349082821825
0,0.0,14.023353171994192
0,0.0,14.020341221707127
0,0.0,14.01019325366492
0,0.0,13.958280296902265
0,0.0,13.951552847986838
0,0.0,13.9345310265121
0,0.0,13.93011082739342
0,0.0,13.896545589871923
0,0.0,13.88695606025319
0,0.0,13.884016287043021
0,0.0,13.874190233087544
0,0.0,13.866582271506703
0,0.0,13.859255788785841
0,0.0,13.858934475249521
0,0.0,13.855803024330703
0,0.0,13.82041333446192
0,0.0,13.796556191997505
0,0.0,13.792545256763262
0,0.0,13.782678611862988
0,0.0,13.765498222311248
0,0.0,13.747044581657846
0,0.0,13.726266147113755
0,0.0,13.706304665946504
0,0.0,13.697067559018675
0,0.0,13.687088573037883
0,0.0,13.672297382977249
0,0.0,13.664771324010962
0,0.0,13.657362335182063
0,0.0,13.628798296914718
0,0.0,13.610026449553555
0,0.0,13.604023145178921
0,0.0,13.58846363124675
0,0.0,13.572665964468836
0,0.0,13.555132981606617
0,0.0,13.538036230932939
0,0.0,13.533918183968991
0,0.0,13.499533702552547
0,0.0,13.491472764261994
0,0.0,13.44969454124188
0,0.0,13.439668231210796
0,0.0,13.41947424123861
0,0.0,13.401213884061624
0,0.0,13.360168205731233
0,0.0,13.350315304637853
0,0.0,13.339660524061111
0,0.0,13.321095847453483
0,0.0,13.320949045047664
0,0.0,13.308539496099531
0,0.0,13.280969815665278
0,0.0,13.26244618459263
0,0.0,13.25429130878216
0,0.0,13.167931588874708
0,0.0,13.136758039157598
0,0.0,13.126890508145067
0,0.0,13.120129835351376
0,0.0,13.112380780131174
0,0.0,13.078961406096305
0,0.0,13.078641941704259
0,0.0,13.076189959717636
0,0.0,13.02236064547282
0,0.0,12.990638059830452
0,0.0,12.982951968349221
0,0.0,12.961958714797644
0,0.0,12.948453589477602
0,0.0,12.945396782916891
0,0.0,12.928955562894553
0,0.0,12.880394715706188
0,0.0,12.860758535754494
0,0.0,12.856723667433394
0,0.0,12.843681696617864
0,0.0,12.785427726458856
0,0.0,12.757143067433299
0,0.0,12.672923610016717
0,0.0,12.659906495557891
0,0.0,12.649498317751622
0,0.0,12.6294647021573
0,0.0,12.621652616276926
0,0.0,12.61660807550316
0,0.0,12.610711034920561
0,0.0,12.592507631604107
0,0.0,12.566818403439315
0,0.0,12.557776806409999
0,0.0,12.548879940622902
0,0.0,12.547657472794379
0,0.0,12.522997935961973
0,0.0,12.518934394459409
0,0.0,12.518442675372818
0,0.0,12.503835127620263
0,0.0,12.479613427514499
0,0.0,12.452782615183553
0,0.0,12.435995378828203
0,0.0,12.43215146001867
0,0.0,12.415825747115738
0,0.0,12.266165428281015
0,0.0,12.097372084595008
0,0.0,12.086785882209677
0,0.0,12.07068734869424
0,0.0,12.042428135013909
0,0.0,12.013792894419153
0,0.0,11.998739242481903
0,0.0,11.998050517299598
0,0.0,11.987900415625946
0,0.0,11.987177759678115
0,0.0,11.972173950885201
0,0.0,11.971851994404854
0,0.0,11.948347499553629
0,0.0,11.941076540888991
0,0.0,11.910107087121595
0,0.0,11.898604556942313
0,0.0,11.893812739936521
0,0.0,11.887091119517095
0,0.0,11.79771851127792
0,0.0,11.77422246129408
0,0.0,11.743818702302674
0,0.0,11.73502040697496
0,0.0,11.67271642208947
0,0.0,11.672108869677793
0,0.0,11.638030641078046
0,0.0,11.637582685931015
0,0.0,11.462359661346136
0,0.0,11.438619473359282
0,0.0,11.420125066329515
0,0.0,11.399175791975328
0,0.0,11.386590977887904
0,0.0,11.319971140913173
0,0.0,11.18639533609979
0,0.0,10.896851216956842
0,0.0,10.857704731651863
0,0.0,10.758338604403903
0,0.0,10.744648609194973
0,0.0,10.253743803030652
0,0.0,10.121230483664085
0,0.0,9.646591885994857
0,0.0,9.603605878051015
0,0.0,9.18249925475166
